dataset,N,d,k,method,eps,seed,loss,label_acc,time_s
mnist,70000,84,10,hdpe_means_repo,0.25,0,0.08489671349525452,0.8772,35.2
mnist,70000,84,10,hdpe_means_repo,0.25,1,0.08854533731937408,0.8743857142857143,36.1
mnist,70000,84,10,hdpe_means_repo,0.25,2,0.10296276956796646,0.874,40.0
mnist,70000,84,10,hdpe_means_repo,0.5,1,0.07078387588262558,0.9713857142857143,42.9
mnist,70000,84,10,hdpe_means_repo,1.0,1,0.06926820427179337,0.9719,46.5
mnist,70000,84,10,hdpe_means_repo,1.0,0,0.07291357219219208,0.9673428571428572,46.7
mnist,70000,84,10,hdpe_means_repo,0.5,0,0.07447019219398499,0.9664857142857143,47.0
mnist,70000,84,10,hdpe_means_repo,0.5,2,0.09015793353319168,0.9491714285714286,48.6
sklearn_4_64,20000,64,4,hdpe_means_repo,0.25,0,0.02673490715077651,,2.2
sklearn_4_64,20000,64,4,hdpe_means_repo,0.25,1,0.03072531455316365,,2.1
sklearn_4_64,20000,64,4,hdpe_means_repo,0.25,2,0.029243090638334558,,2.2
sklearn_4_64,20000,64,4,hdpe_means_repo,0.5,0,0.026475320752140936,,2.9
sklearn_4_64,20000,64,4,hdpe_means_repo,0.5,1,0.026179049436303062,,3.0
sklearn_4_64,20000,64,4,hdpe_means_repo,0.5,2,0.02710981122923734,,3.1
sklearn_4_64,20000,64,4,hdpe_means_repo,1.0,0,0.026124640525900425,,4.0
sklearn_4_64,20000,64,4,hdpe_means_repo,1.0,1,0.026289713956544357,,4.1
sklearn_4_64,20000,64,4,hdpe_means_repo,1.0,2,0.026345267551601985,,4.2
sklearn_4_64,20000,64,4,hdpe_means_repo,2.0,0,0.025629278722147677,,4.3
mnist,70000,84,10,hdpe_means_repo,2.0,0,0.06975557655096054,0.9712,48.8
sklearn_4_64,20000,64,4,hdpe_means_repo,2.0,1,0.025679997649640244,,4.2
mnist,70000,84,10,hdpe_means_repo,1.0,2,0.07049860060214996,0.9704428571428572,51.2
sklearn_4_64,20000,64,4,hdpe_means_repo,4.0,0,0.02549180360601336,,4.1
sklearn_4_64,20000,64,4,hdpe_means_repo,2.0,2,0.025695527858153433,,4.1
mnist,70000,84,10,hdpe_means_repo,2.0,1,0.06914445012807846,0.9715428571428572,49.1
sklearn_4_64,20000,64,4,hdpe_means_repo,4.0,1,0.025506792300227687,,3.9
sklearn_16_64,20000,64,16,hdpe_means_repo,0.25,1,0.09003792734854939,,2.7
sklearn_16_64,20000,64,16,hdpe_means_repo,0.25,0,0.09840626151738749,,2.9
sklearn_4_64,20000,64,4,hdpe_means_repo,4.0,2,0.025511326583409426,,3.8
sklearn_16_64,20000,64,16,hdpe_means_repo,0.25,2,0.17840711405301693,,3.2
sklearn_16_64,20000,64,16,hdpe_means_repo,0.5,0,0.045298914921614884,,4.1
sklearn_16_64,20000,64,16,hdpe_means_repo,0.5,1,0.035866283258343803,,4.1
mnist,70000,84,10,hdpe_means_repo,2.0,2,0.08044061064720154,0.9388,53.4
mnist,70000,84,10,hdpe_means_repo,4.0,0,0.06948070228099823,0.9712857142857143,49.9
sklearn_16_64,20000,64,16,hdpe_means_repo,0.5,2,0.05044664360011604,,3.7
mnist,70000,84,10,hdpe_means_repo,4.0,1,0.0840458869934082,0.8597571428571429,49.9
sklearn_16_64,20000,64,16,hdpe_means_repo,1.0,0,0.02779328671918824,,3.9
mnist,70000,84,10,hdpe_means_repo,4.0,2,0.0781639963388443,0.9390571428571428,52.2
sklearn_16_64,20000,64,16,hdpe_means_repo,1.0,1,0.030807719800855365,,3.7
sklearn_16_64,20000,64,16,hdpe_means_repo,1.0,2,0.02858190517581761,,3.6
sklearn_16_64,20000,64,16,hdpe_means_repo,2.0,0,0.023622018453023252,,3.9
sklearn_16_64,20000,64,16,hdpe_means_repo,2.0,1,0.02450996426634694,,3.7
sklearn_16_64,20000,64,16,hdpe_means_repo,2.0,2,0.023856749339561632,,3.9
sklearn_16_64,20000,64,16,hdpe_means_repo,4.0,0,0.022457500909231497,,3.8
sklearn_16_64,20000,64,16,hdpe_means_repo,4.0,1,0.02273284690338716,,3.7
sklearn_64_64,20000,64,64,hdpe_means_repo,0.25,0,0.6219824769862317,,2.5
sklearn_64_64,20000,64,64,hdpe_means_repo,0.25,1,0.5735256300561458,,2.5
sklearn_16_64,20000,64,16,hdpe_means_repo,4.0,2,0.022530262836237113,,3.3
sklearn_64_64,20000,64,64,hdpe_means_repo,0.25,2,0.6239730765426592,,2.5
sklearn_64_64,20000,64,64,hdpe_means_repo,0.5,0,0.3896400974191745,,4.5
sklearn_64_64,20000,64,64,hdpe_means_repo,0.5,2,0.4065617912373324,,4.5
sklearn_64_64,20000,64,64,hdpe_means_repo,0.5,1,0.31803546522280984,,4.6
sklearn_64_64,20000,64,64,hdpe_means_repo,1.0,0,0.1351410695767786,,4.8
sklearn_64_64,20000,64,64,hdpe_means_repo,1.0,2,0.181373027895836,,4.8
sklearn_64_64,20000,64,64,hdpe_means_repo,1.0,1,0.17890815603084947,,4.9
sklearn_64_64,20000,64,64,hdpe_means_repo,2.0,0,0.06153813883952994,,4.9
sklearn_64_64,20000,64,64,hdpe_means_repo,2.0,1,0.061592376778815766,,4.9
sklearn_4_128,20000,128,4,hdpe_means_repo,0.25,0,0.030727310352975847,,2.3
sklearn_4_128,20000,128,4,hdpe_means_repo,0.25,1,0.04207042239985897,,2.4
sklearn_64_64,20000,64,64,hdpe_means_repo,2.0,2,0.07198517344650263,,4.9
sklearn_4_128,20000,128,4,hdpe_means_repo,0.25,2,0.035624328440602815,,2.2
sklearn_64_64,20000,64,64,hdpe_means_repo,4.0,1,0.046396185167737004,,4.9
sklearn_64_64,20000,64,64,hdpe_means_repo,4.0,0,0.03933460299484976,,5.0
sklearn_4_128,20000,128,4,hdpe_means_repo,0.5,0,0.030764778730615575,,2.6
sklearn_64_64,20000,64,64,hdpe_means_repo,4.0,2,0.042779928300998325,,4.9
sklearn_4_128,20000,128,4,hdpe_means_repo,0.5,1,0.03418960254729524,,2.9
sklearn_4_128,20000,128,4,hdpe_means_repo,0.5,2,0.03133151893998505,,3.0
sklearn_4_128,20000,128,4,hdpe_means_repo,1.0,0,0.029466705370278606,,3.3
sklearn_4_128,20000,128,4,hdpe_means_repo,1.0,1,0.028248133685916322,,3.4
sklearn_4_128,20000,128,4,hdpe_means_repo,1.0,2,0.02830939880047253,,3.4
sklearn_4_128,20000,128,4,hdpe_means_repo,2.0,0,0.028480711021603246,,3.5
sklearn_4_128,20000,128,4,hdpe_means_repo,2.0,1,0.028582256047224735,,3.5
sklearn_4_128,20000,128,4,hdpe_means_repo,2.0,2,0.028608966162025906,,3.5
sklearn_4_128,20000,128,4,hdpe_means_repo,4.0,0,0.028210717006345636,,3.4
sklearn_16_128,20000,128,16,hdpe_means_repo,0.25,0,0.17325689440241276,,2.6
sklearn_4_128,20000,128,4,hdpe_means_repo,4.0,1,0.028240870381690292,,3.4
sklearn_16_128,20000,128,16,hdpe_means_repo,0.25,1,0.1349273316729696,,2.4
sklearn_16_128,20000,128,16,hdpe_means_repo,0.25,2,0.19207419591800506,,2.5
sklearn_4_128,20000,128,4,hdpe_means_repo,4.0,2,0.028248333787055203,,3.3
sklearn_16_128,20000,128,16,hdpe_means_repo,0.5,0,0.06982265239708331,,3.4
sklearn_16_128,20000,128,16,hdpe_means_repo,0.5,1,0.08510754343769124,,3.1
sklearn_16_128,20000,128,16,hdpe_means_repo,0.5,2,0.08461373896645569,,3.2
sklearn_16_128,20000,128,16,hdpe_means_repo,1.0,0,0.035239179118172835,,3.5
sklearn_16_128,20000,128,16,hdpe_means_repo,1.0,1,0.0416273880388648,,3.6
sklearn_16_128,20000,128,16,hdpe_means_repo,1.0,2,0.03687678914386062,,3.6
sklearn_16_128,20000,128,16,hdpe_means_repo,2.0,0,0.027066734840336,,3.5
sklearn_16_128,20000,128,16,hdpe_means_repo,2.0,1,0.028910744243919453,,3.5
sklearn_16_128,20000,128,16,hdpe_means_repo,2.0,2,0.02755809459315933,,3.6
sklearn_16_128,20000,128,16,hdpe_means_repo,4.0,0,0.024753924687975316,,3.5
sklearn_64_128,20000,128,64,hdpe_means_repo,0.25,0,0.7560646249150071,,2.5
sklearn_64_128,20000,128,64,hdpe_means_repo,0.25,1,0.807504414809616,,2.5
sklearn_16_128,20000,128,16,hdpe_means_repo,4.0,1,0.02530012859589156,,3.4
sklearn_64_128,20000,128,64,hdpe_means_repo,0.25,2,0.8790727823862647,,2.4
sklearn_16_128,20000,128,16,hdpe_means_repo,4.0,2,0.02490084282761848,,3.3
sklearn_64_128,20000,128,64,hdpe_means_repo,0.5,0,0.603998042555453,,4.4
sklearn_64_128,20000,128,64,hdpe_means_repo,0.5,1,0.5718602333288857,,4.4
sklearn_64_128,20000,128,64,hdpe_means_repo,0.5,2,0.6221342010162699,,4.4
sklearn_64_128,20000,128,64,hdpe_means_repo,1.0,0,0.23695944916988573,,4.9
sklearn_64_128,20000,128,64,hdpe_means_repo,2.0,0,0.09650071134535756,,4.8
sklearn_64_128,20000,128,64,hdpe_means_repo,1.0,1,0.3003704157232717,,4.9
sklearn_64_128,20000,128,64,hdpe_means_repo,1.0,2,0.3110706841339096,,4.9
sklearn_64_128,20000,128,64,hdpe_means_repo,2.0,1,0.12074428472030505,,4.9
scale_64_128,10016,128,64,hdpe_means_repo,0.25,0,0.1715052653668398,,1.2
scale_64_128,10016,128,64,hdpe_means_repo,0.25,1,0.17821748024732195,,1.3
scale_64_128,10016,128,64,hdpe_means_repo,0.25,2,0.1684010229011652,,1.2
sklearn_64_128,20000,128,64,hdpe_means_repo,2.0,2,0.12733862472280397,,4.7
scale_64_128,10016,128,64,hdpe_means_repo,0.5,0,0.16890832233318376,,1.6
sklearn_64_128,20000,128,64,hdpe_means_repo,4.0,0,0.053064901977349324,,4.6
sklearn_64_128,20000,128,64,hdpe_means_repo,4.0,1,0.08324744336230315,,4.6
scale_64_128,10016,128,64,hdpe_means_repo,0.5,2,0.1674795302019297,,1.5
scale_64_128,10016,128,64,hdpe_means_repo,0.5,1,0.1704362108797423,,1.6
scale_64_128,10016,128,64,hdpe_means_repo,1.0,0,0.164753363140054,,2.0
scale_64_128,10016,128,64,hdpe_means_repo,1.0,2,0.16433481113023213,,2.1
scale_64_128,10016,128,64,hdpe_means_repo,1.0,1,0.16569312811040526,,2.1
sklearn_64_128,20000,128,64,hdpe_means_repo,4.0,2,0.047204632818695476,,4.5
scale_64_128,10016,128,64,hdpe_means_repo,2.0,0,0.16448147897815418,,2.1
scale_64_128,10016,128,64,hdpe_means_repo,4.0,0,0.16249545912119806,,2.1
scale_64_128,10016,128,64,hdpe_means_repo,2.0,2,0.16314297418972667,,2.1
scale_16_128,10001,128,16,hdpe_means_repo,0.25,0,0.1623097148448319,,0.7
scale_16_128,10001,128,16,hdpe_means_repo,0.25,1,0.16607883186446115,,0.8
scale_64_128,10016,128,64,hdpe_means_repo,2.0,1,0.165813650120436,,2.1
scale_64_128,10016,128,64,hdpe_means_repo,4.0,1,0.16396468122144325,,2.0
scale_16_128,10001,128,16,hdpe_means_repo,0.25,2,0.1665697960343131,,0.8
scale_16_128,10001,128,16,hdpe_means_repo,0.5,2,0.16205588988131017,,0.9
scale_64_128,10016,128,64,hdpe_means_repo,4.0,2,0.1617385403964677,,2.0
scale_16_128,10001,128,16,hdpe_means_repo,0.5,0,0.16385333398284382,,0.8
scale_16_128,10001,128,16,hdpe_means_repo,0.5,1,0.16104593860028363,,0.9
scale_16_128,10001,128,16,hdpe_means_repo,1.0,0,0.1623299716086422,,1.2
scale_16_128,10001,128,16,hdpe_means_repo,1.0,1,0.1643042681856567,,1.1
scale_16_128,10001,128,16,hdpe_means_repo,1.0,2,0.16383292128955532,,1.1
scale_16_128,10001,128,16,hdpe_means_repo,2.0,0,0.16002170224643042,,1.1
scale_16_128,10001,128,16,hdpe_means_repo,2.0,1,0.16141216003674796,,1.1
scale_16_128,10001,128,16,hdpe_means_repo,4.0,0,0.1574432919088018,,1.2
scale_16_128,10001,128,16,hdpe_means_repo,4.0,1,0.1581381652321518,,1.2
scale_16_128,10001,128,16,hdpe_means_repo,2.0,2,0.15985733311548536,,1.2
scale_16_128,10001,128,16,hdpe_means_repo,4.0,2,0.1573363310496181,,1.2
scale_64_64,10001,64,64,hdpe_means_repo,0.25,0,0.15283182918022725,,1.2
scale_64_64,10001,64,64,hdpe_means_repo,0.25,1,0.16136906088700165,,1.2
scale_64_64,10001,64,64,hdpe_means_repo,0.25,2,0.16408017871256753,,1.2
scale_64_64,10001,64,64,hdpe_means_repo,0.5,0,0.15165374735394593,,1.5
scale_64_64,10001,64,64,hdpe_means_repo,0.5,2,0.15644865958337656,,1.5
scale_64_64,10001,64,64,hdpe_means_repo,0.5,1,0.16538592171617664,,1.6
scale_64_64,10001,64,64,hdpe_means_repo,1.0,0,0.14868577144419048,,2.0
scale_64_64,10001,64,64,hdpe_means_repo,1.0,1,0.15205940133276877,,2.0
scale_64_64,10001,64,64,hdpe_means_repo,1.0,2,0.1477612461836558,,2.0
scale_64_64,10001,64,64,hdpe_means_repo,2.0,0,0.14667477086715394,,2.0
scale_4_64,10000,64,4,hdpe_means_repo,0.25,0,0.15311815658825542,,0.6
scale_64_64,10001,64,64,hdpe_means_repo,2.0,1,0.14699563268446963,,2.1
scale_4_64,10000,64,4,hdpe_means_repo,0.25,1,0.15678736498855889,,0.6
scale_64_64,10001,64,64,hdpe_means_repo,2.0,2,0.14548666851545725,,2.0
scale_4_64,10000,64,4,hdpe_means_repo,0.25,2,0.15858161448257072,,0.5
scale_64_64,10001,64,64,hdpe_means_repo,4.0,0,0.1437001075042975,,2.0
scale_64_64,10001,64,64,hdpe_means_repo,4.0,1,0.1445022912672857,,2.0
scale_4_64,10000,64,4,hdpe_means_repo,0.5,0,0.1422495698635504,,0.7
scale_4_64,10000,64,4,hdpe_means_repo,0.5,1,0.14361357739178995,,0.7
scale_4_64,10000,64,4,hdpe_means_repo,0.5,2,0.14086368350638648,,0.8
scale_64_64,10001,64,64,hdpe_means_repo,4.0,2,0.1435519167050553,,2.1
scale_4_64,10000,64,4,hdpe_means_repo,1.0,1,0.14481368067497147,,1.0
scale_4_64,10000,64,4,hdpe_means_repo,1.0,0,0.1403795869753975,,1.0
scale_4_64,10000,64,4,hdpe_means_repo,2.0,1,0.14477840508401502,,1.0
scale_4_64,10000,64,4,hdpe_means_repo,1.0,2,0.139517730363918,,1.0
scale_4_64,10000,64,4,hdpe_means_repo,2.0,0,0.1403217196947837,,1.0
scale_4_64,10000,64,4,hdpe_means_repo,2.0,2,0.14193795109381777,,1.1
scale_4_64,10000,64,4,hdpe_means_repo,4.0,0,0.1395518916739039,,1.0
scale_4_64,10000,64,4,hdpe_means_repo,4.0,1,0.1452921326987531,,1.0
scale_16_64,10000,64,16,hdpe_means_repo,0.25,0,0.16480235072916616,,0.8
scale_4_64,10000,64,4,hdpe_means_repo,4.0,2,0.14210971811050804,,1.0
scale_16_64,10000,64,16,hdpe_means_repo,0.25,1,0.1727420657346737,,0.8
scale_16_64,10000,64,16,hdpe_means_repo,0.25,2,0.16462220178585313,,0.8
scale_16_64,10000,64,16,hdpe_means_repo,0.5,0,0.16418360268147403,,0.9
scale_16_64,10000,64,16,hdpe_means_repo,0.5,1,0.15662184247066122,,0.9
scale_16_64,10000,64,16,hdpe_means_repo,0.5,2,0.16368466854194963,,0.9
scale_16_64,10000,64,16,hdpe_means_repo,1.0,1,0.15813933303241304,,1.2
scale_16_64,10000,64,16,hdpe_means_repo,1.0,0,0.1593987850954482,,1.2
scale_16_64,10000,64,16,hdpe_means_repo,2.0,0,0.15056274365725142,,1.2
scale_16_64,10000,64,16,hdpe_means_repo,1.0,2,0.15637014777249228,,1.2
scale_16_64,10000,64,16,hdpe_means_repo,2.0,1,0.15124476947176896,,1.2
scale_16_64,10000,64,16,hdpe_means_repo,2.0,2,0.15152764501467078,,1.2
scale_16_64,10000,64,16,hdpe_means_repo,4.0,0,0.14732551665842758,,1.2
scale_16_64,10000,64,16,hdpe_means_repo,4.0,1,0.149145684116655,,1.2
scale_4_128,9999,128,4,hdpe_means_repo,0.25,0,0.1672488220203529,,0.5
scale_4_128,9999,128,4,hdpe_means_repo,0.25,2,0.16602441947618962,,0.5
scale_4_128,9999,128,4,hdpe_means_repo,0.25,1,0.16421078514460002,,0.5
scale_16_64,10000,64,16,hdpe_means_repo,4.0,2,0.15133446163254058,,1.1
scale_4_128,9999,128,4,hdpe_means_repo,0.5,0,0.15656248272788012,,0.7
scale_4_128,9999,128,4,hdpe_means_repo,0.5,1,0.15797668759555047,,0.7
scale_4_128,9999,128,4,hdpe_means_repo,0.5,2,0.16294693138973898,,0.7
scale_4_128,9999,128,4,hdpe_means_repo,1.0,1,0.15910455552907454,,0.9
scale_4_128,9999,128,4,hdpe_means_repo,1.0,0,0.15764499814175884,,1.0
scale_4_128,9999,128,4,hdpe_means_repo,1.0,2,0.16171311119316423,,1.0
scale_4_128,9999,128,4,hdpe_means_repo,2.0,0,0.1561990735634053,,1.0
g2_64,2048,64,2,hdpe_means_repo,0.25,0,0.5820998218720788,,0.1
g2_64,2048,64,2,hdpe_means_repo,0.25,1,0.5127225859338806,,0.1
g2_64,2048,64,2,hdpe_means_repo,0.25,2,0.3893039692510415,,0.1
scale_4_128,9999,128,4,hdpe_means_repo,2.0,2,0.1575245919766054,,1.0
g2_64,2048,64,2,hdpe_means_repo,0.5,0,0.3024692862019234,,0.2
g2_64,2048,64,2,hdpe_means_repo,0.5,1,0.3111517649012565,,0.1
g2_64,2048,64,2,hdpe_means_repo,0.5,2,0.32480054289791027,,0.1
scale_4_128,9999,128,4,hdpe_means_repo,4.0,0,0.15724134574908114,,1.0
scale_4_128,9999,128,4,hdpe_means_repo,2.0,1,0.15761080521757453,,0.9
g2_64,2048,64,2,hdpe_means_repo,1.0,0,0.3013301528141883,,0.2
g2_64,2048,64,2,hdpe_means_repo,1.0,1,0.3000542958234352,,0.2
scale_4_128,9999,128,4,hdpe_means_repo,4.0,1,0.159009763330297,,1.0
g2_64,2048,64,2,hdpe_means_repo,1.0,2,0.2998548658380211,,0.2
g2_64,2048,64,2,hdpe_means_repo,2.0,0,0.29492433043604327,,0.2
g2_64,2048,64,2,hdpe_means_repo,2.0,1,0.294689862633947,,0.2
g2_64,2048,64,2,hdpe_means_repo,2.0,2,0.2944344233233058,,0.2
g2_64,2048,64,2,hdpe_means_repo,4.0,0,0.2927808049570777,,0.2
g2_64,2048,64,2,hdpe_means_repo,4.0,1,0.2929545248064659,,0.2
g2_64,2048,64,2,hdpe_means_repo,4.0,2,0.2928638195331337,,0.2
g2_128,2048,128,2,hdpe_means_repo,0.25,1,0.6705615594598007,1.0,0.1
g2_128,2048,128,2,hdpe_means_repo,0.25,0,0.5940909931278266,0.99951171875,0.1
g2_128,2048,128,2,hdpe_means_repo,0.25,2,0.5511858064414032,1.0,0.1
scale_4_128,9999,128,4,hdpe_means_repo,4.0,2,0.15889207759090535,,0.9
g2_128,2048,128,2,hdpe_means_repo,0.5,0,0.3819433583219251,1.0,0.1
g2_128,2048,128,2,hdpe_means_repo,0.5,1,0.40717939229985184,1.0,0.1
g2_128,2048,128,2,hdpe_means_repo,0.5,2,0.4395611167694745,1.0,0.1
g2_128,2048,128,2,hdpe_means_repo,1.0,1,0.3763039278217838,1.0,0.2
g2_128,2048,128,2,hdpe_means_repo,1.0,2,0.37667936584878015,1.0,0.2
g2_128,2048,128,2,hdpe_means_repo,1.0,0,0.37900263016608665,1.0,0.2
g2_128,2048,128,2,hdpe_means_repo,2.0,0,0.3663177322047959,1.0,0.2
g2_128,2048,128,2,hdpe_means_repo,2.0,1,0.36579116666087724,1.0,0.1
g2_128,2048,128,2,hdpe_means_repo,2.0,2,0.3655880729951416,1.0,0.1
g2_128,2048,128,2,hdpe_means_repo,4.0,0,0.36256920041233887,1.0,0.1
g2_128,2048,128,2,hdpe_means_repo,4.0,1,0.36244737958619216,1.0,0.1
g2_128,2048,128,2,hdpe_means_repo,4.0,2,0.36235065833186747,1.0,0.1
